{"cameraMode":{"drawMode":0,"name":"Shaded","section":"Shading Mode"},"sceneLighting":true,"audioPlay":false,"sceneViewState":{"m_AlwaysRefresh":false,"showFog":true,"showSkybox":true,"showFlares":true,"showImageEffects":true,"showParticleSystems":true,"showVisualEffectGraphs":true,"m_FxEnabled":true},"in2DMode":false,"pivot":{"x":-20.857826232910158,"y":1.0705782175064088,"z":3.0027899742126467},"rotation":{"x":-0.009528014808893204,"y":0.7225703597068787,"z":-0.009999058209359646,"w":-0.6911916732788086},"size":8.84446907043457,"orthographic":false}