{"cameraMode":{"drawMode":0,"name":"Shaded","section":"Shading Mode"},"sceneLighting":false,"audioPlay":false,"sceneViewState":{"m_AlwaysRefresh":false,"showFog":true,"showSkybox":false,"showFlares":true,"showImageEffects":true,"showParticleSystems":true,"showVisualEffectGraphs":true,"m_FxEnabled":true},"in2DMode":false,"pivot":{"x":-0.0002262592315673828,"y":-0.0000813901424407959,"z":-0.00018264353275299072},"rotation":{"x":-0.16440610587596894,"y":0.6826516389846802,"z":-0.1618703156709671,"w":-0.6933954358100891},"size":0.2726823091506958,"orthographic":false}